Name of the table,Variable,Description
adserver_conversions,,"This data source includes all conversion events measured by Amazon Ad Server conversion activity tags. Use this data source to gain insights about conversions captured by ad server conversion activity tags and for custom attribution insights for ad server captured conversions. You can query this data source only if you have ad server campaigns and have completed ad server AMC onboarding. Please contact your AdTech Account Executive or your customer success manager to learn more about enabling ad server advertiser data in AMC. If you do not run campaigns through the ad server, this data source will not return any results when queried. To learn more about this data source, download the documentation from the ‘Documentation’ tab and view the Excel file or search the Instructional Query Library for Amazon Ad Server."
adserver_conversions,account_currency,
adserver_conversions,account_timezone,
adserver_conversions,advertiser,
adserver_conversions,advertiser_id,
adserver_conversions,browser_family,
adserver_conversions,city,
adserver_conversions,conversion_activity,
adserver_conversions,conversion_activity_id,
adserver_conversions,conversion_currency,
adserver_conversions,conversion_id,
adserver_conversions,conversion_type,
adserver_conversions,conversions,
adserver_conversions,device_brand,
adserver_conversions,device_model,
adserver_conversions,device_type,
adserver_conversions,dma_code,
adserver_conversions,environment,
adserver_conversions,event_date,
adserver_conversions,event_date_utc,
adserver_conversions,event_day,
adserver_conversions,event_day_utc,
adserver_conversions,event_dt,
adserver_conversions,event_dt_hour,
adserver_conversions,event_dt_hour_utc,
adserver_conversions,event_dt_utc,
adserver_conversions,event_hour,
adserver_conversions,event_hour_utc,
adserver_conversions,iso_country_code,
adserver_conversions,iso_state_province_code,
adserver_conversions,operating_system,
adserver_conversions,order_id,
adserver_conversions,postal_code,
adserver_conversions,product_id,
adserver_conversions,product_info,
adserver_conversions,quantity,
adserver_conversions,referrer,
adserver_conversions,revenue,
adserver_conversions,tag_manager,
adserver_conversions,tag_manager_id,
adserver_conversions,user_id,
adserver_conversions,user_id_type,
adserver_conversions,vertical,
adserver_conversions_with_brands,,"This data source includes conversion activity events associated to specific brands and measured by Amazon Ad Server. It only includes conversion events measured by the ad server where the conversion activity tag had an assignment to specific brand(s) in the activity settings. Use this data source to gain insights about ad server conversion activities associated with specific brand(s). You can query this data source only if you have ad server campaigns and have completed ad server AMC onboarding. Please contact your AdTech Account Executive or your customer success manager to learn more about enabling ad server advertiser data in AMC. If you do not run campaigns through the ad server, this data source will not return any results when queried. To learn more about this data source, download the documentation from the ‘Documentation’ tab and view the Excel file or search the Instructional Query Library for Amazon Ad Server."
adserver_conversions_with_brands,account_currency,
adserver_conversions_with_brands,account_timezone,
adserver_conversions_with_brands,adserver_brand,
adserver_conversions_with_brands,adserver_brand_id,
adserver_conversions_with_brands,advertiser,
adserver_conversions_with_brands,advertiser_id,
adserver_conversions_with_brands,browser_family,
adserver_conversions_with_brands,city,
adserver_conversions_with_brands,conversion_activity,
adserver_conversions_with_brands,conversion_activity_id,
adserver_conversions_with_brands,conversion_currency,
adserver_conversions_with_brands,conversion_id,
adserver_conversions_with_brands,conversion_type,
adserver_conversions_with_brands,device_brand,
adserver_conversions_with_brands,device_model,
adserver_conversions_with_brands,device_type,
adserver_conversions_with_brands,dma_code,
adserver_conversions_with_brands,environment,
adserver_conversions_with_brands,event_date,
adserver_conversions_with_brands,event_date_utc,
adserver_conversions_with_brands,event_day,
adserver_conversions_with_brands,event_day_utc,
adserver_conversions_with_brands,event_dt,
adserver_conversions_with_brands,event_dt_hour,
adserver_conversions_with_brands,event_dt_hour_utc,
adserver_conversions_with_brands,event_dt_utc,
adserver_conversions_with_brands,event_hour,
adserver_conversions_with_brands,event_hour_utc,
adserver_conversions_with_brands,iso_country_code,
adserver_conversions_with_brands,iso_state_province_code,
adserver_conversions_with_brands,operating_system,
adserver_conversions_with_brands,order_id,
adserver_conversions_with_brands,postal_code,
adserver_conversions_with_brands,product_id,
adserver_conversions_with_brands,product_info,
adserver_conversions_with_brands,quantity,
adserver_conversions_with_brands,referrer,
adserver_conversions_with_brands,revenue,
adserver_conversions_with_brands,tag_manager,
adserver_conversions_with_brands,tag_manager_id,
adserver_conversions_with_brands,user_id,
adserver_conversions_with_brands,user_id_type,
adserver_conversions_with_brands,vertical,
adserver_traffic,,"Amazon Ad Server traffic data. This data source includes impressions, clicks and interactions (video and view-ability) measured by the ad server. Use this data source to gain insights about your ad server measured media. You can query this data source only if you have ad server campaigns and have completed ad server AMC onboarding. Please contact your ad tech account executive or your customer success manager to learn more about enabling ad server advertiser data in AMC. If you do not run campaigns through the ad server, this data source will not return any results when queried. To learn more about this data source, download the documentation from the Documentation tab and view the Excel file or filter the Instructional Query Library for Amazon Ad Server."
adserver_traffic,account_currency,
adserver_traffic,account_timezone,
adserver_traffic,ad,
adserver_traffic,ad_duration,
adserver_traffic,ad_format,
adserver_traffic,ad_id,
adserver_traffic,ad_length,
adserver_traffic,ad_size,
adserver_traffic,ad_started,
adserver_traffic,adserver_brand,
adserver_traffic,adserver_brand_id,
adserver_traffic,adserver_session_id,
adserver_traffic,adserver_site,
adserver_traffic,advertiser,
adserver_traffic,advertiser_id,
adserver_traffic,browser_family,
adserver_traffic,campaign,
adserver_traffic,campaign_end_date,
adserver_traffic,campaign_end_date_utc,
adserver_traffic,campaign_end_dt,
adserver_traffic,campaign_end_dt_utc,
adserver_traffic,campaign_id,
adserver_traffic,campaign_start_date,
adserver_traffic,campaign_start_date_utc,
adserver_traffic,campaign_start_dt,
adserver_traffic,campaign_start_dt_utc,
adserver_traffic,campaign_type,
adserver_traffic,city,
adserver_traffic,clicks,
adserver_traffic,clicks_default_ad,
adserver_traffic,clicks_hard_stop,
adserver_traffic,clicks_no_script,
adserver_traffic,clicks_sivt,
adserver_traffic,clicks_ssai,
adserver_traffic,cost_model_type,
adserver_traffic,cost_per_unit,
adserver_traffic,device_brand,
adserver_traffic,device_model,
adserver_traffic,device_type,
adserver_traffic,dma_code,
adserver_traffic,environment,
adserver_traffic,event_date,
adserver_traffic,event_date_utc,
adserver_traffic,event_day,
adserver_traffic,event_day_utc,
adserver_traffic,event_dt,
adserver_traffic,event_dt_hour,
adserver_traffic,event_dt_hour_utc,
adserver_traffic,event_dt_utc,
adserver_traffic,event_hour,
adserver_traffic,event_hour_utc,
adserver_traffic,impressions,
adserver_traffic,impressions_default_ad,
adserver_traffic,impressions_hard_stop,
adserver_traffic,impressions_no_script,
adserver_traffic,impressions_sivt,
adserver_traffic,impressions_ssai,
adserver_traffic,iso_country_code,
adserver_traffic,iso_state_province_code,
adserver_traffic,measurable_impressions,
adserver_traffic,operating_system,
adserver_traffic,ordered_units,
adserver_traffic,package,
adserver_traffic,package_end_date,
adserver_traffic,package_end_date_utc,
adserver_traffic,package_id,
adserver_traffic,package_start_date,
adserver_traffic,package_start_date_utc,
adserver_traffic,placement,
adserver_traffic,placement_dimensions,
adserver_traffic,placement_end_date,
adserver_traffic,placement_end_date_utc,
adserver_traffic,placement_id,
adserver_traffic,placement_start_date,
adserver_traffic,placement_start_date_utc,
adserver_traffic,placement_type,
adserver_traffic,postal_code,
adserver_traffic,recordable_impressions,
adserver_traffic,request_tag,
adserver_traffic,search_account_id,
adserver_traffic,search_ad,
adserver_traffic,search_ad_click_through_url,
adserver_traffic,search_ad_display_url,
adserver_traffic,search_ad_group,
adserver_traffic,search_ad_group_id,
adserver_traffic,search_ad_id,
adserver_traffic,search_ad_text,
adserver_traffic,search_campaign_id,
adserver_traffic,search_campaign_type,
adserver_traffic,search_clicks,
adserver_traffic,search_integration,
adserver_traffic,search_keyword_id,
adserver_traffic,search_keyword_text,
adserver_traffic,search_keyword_type,
adserver_traffic,search_match_type,
adserver_traffic,search_vendor,
adserver_traffic,section,
adserver_traffic,section_id,
adserver_traffic,user_id,
adserver_traffic,user_id_type,
adserver_traffic,vertical,
adserver_traffic,video_full_screen_duration,
adserver_traffic,video_full_screen_ended,
adserver_traffic,video_full_screen_muted,
adserver_traffic,video_full_screen_paused,
adserver_traffic,video_full_screen_started,
adserver_traffic,video_muted,
adserver_traffic,video_paused,
adserver_traffic,video_percentage_complete,
adserver_traffic,video_played_100pc,
adserver_traffic,video_played_100pc_viewable,
adserver_traffic,video_played_25pc,
adserver_traffic,video_played_25pc_viewable,
adserver_traffic,video_played_50pc,
adserver_traffic,video_played_50pc_viewable,
adserver_traffic,video_played_75pc,
adserver_traffic,video_played_75pc_viewable,
adserver_traffic,video_played_duration,
adserver_traffic,video_played_with_sound,
adserver_traffic,video_replayed,
adserver_traffic,video_skipped,
adserver_traffic,video_started,
adserver_traffic,video_unmuted,
adserver_traffic,viewable_impressions,
adserver_traffic_by_user_segments,,"Amazon Ad Server traffic data. This data source includes Amazon audience segment-level information for impressions and clicks measured by the ad server and matched to the Amazon user ID. This data source has the same structure as adserver_traffic with the addition of Amazon audience segment fields. Each traffic event (impression and click) appears multiple times in this data source depending on the number of segments identified for each user who received an event. You can use this data source to gain insights about the Amazon audiences you are reaching with your ad server-measured media. Querying this data source will return results only if you have ad server campaigns and have completed ad server AMC onboarding. Please contact your account executive or your customer success manager to learn more about enabling ad server advertiser data in AMC. If you do not run campaigns through the ad server, this data source will not return any results when queried. To learn more about this data source, download the documentation from the Documentation tab and view the Excel file."
adserver_traffic_by_user_segments,account_currency,
adserver_traffic_by_user_segments,account_timezone,
adserver_traffic_by_user_segments,ad,
adserver_traffic_by_user_segments,ad_duration,
adserver_traffic_by_user_segments,ad_format,
adserver_traffic_by_user_segments,ad_id,
adserver_traffic_by_user_segments,ad_length,
adserver_traffic_by_user_segments,ad_size,
adserver_traffic_by_user_segments,ad_started,
adserver_traffic_by_user_segments,adserver_brand,
adserver_traffic_by_user_segments,adserver_brand_id,
adserver_traffic_by_user_segments,adserver_session_id,
adserver_traffic_by_user_segments,adserver_site,
adserver_traffic_by_user_segments,advertiser,
adserver_traffic_by_user_segments,advertiser_id,
adserver_traffic_by_user_segments,behavior_segment_description,
adserver_traffic_by_user_segments,behavior_segment_id,
adserver_traffic_by_user_segments,behavior_segment_name,
adserver_traffic_by_user_segments,browser_family,
adserver_traffic_by_user_segments,campaign,
adserver_traffic_by_user_segments,campaign_end_date,
adserver_traffic_by_user_segments,campaign_end_date_utc,
adserver_traffic_by_user_segments,campaign_end_dt,
adserver_traffic_by_user_segments,campaign_end_dt_utc,
adserver_traffic_by_user_segments,campaign_id,
adserver_traffic_by_user_segments,campaign_start_date,
adserver_traffic_by_user_segments,campaign_start_date_utc,
adserver_traffic_by_user_segments,campaign_start_dt,
adserver_traffic_by_user_segments,campaign_start_dt_utc,
adserver_traffic_by_user_segments,campaign_type,
adserver_traffic_by_user_segments,city,
adserver_traffic_by_user_segments,clicks,
adserver_traffic_by_user_segments,clicks_default_ad,
adserver_traffic_by_user_segments,clicks_hard_stop,
adserver_traffic_by_user_segments,clicks_no_script,
adserver_traffic_by_user_segments,clicks_sivt,
adserver_traffic_by_user_segments,clicks_ssai,
adserver_traffic_by_user_segments,cost_model_type,
adserver_traffic_by_user_segments,cost_per_unit,
adserver_traffic_by_user_segments,device_brand,
adserver_traffic_by_user_segments,device_model,
adserver_traffic_by_user_segments,device_type,
adserver_traffic_by_user_segments,dma_code,
adserver_traffic_by_user_segments,environment,
adserver_traffic_by_user_segments,event_date,
adserver_traffic_by_user_segments,event_date_utc,
adserver_traffic_by_user_segments,event_day,
adserver_traffic_by_user_segments,event_day_utc,
adserver_traffic_by_user_segments,event_dt,
adserver_traffic_by_user_segments,event_dt_hour,
adserver_traffic_by_user_segments,event_dt_hour_utc,
adserver_traffic_by_user_segments,event_dt_utc,
adserver_traffic_by_user_segments,event_hour,
adserver_traffic_by_user_segments,event_hour_utc,
adserver_traffic_by_user_segments,impressions,
adserver_traffic_by_user_segments,impressions_default_ad,
adserver_traffic_by_user_segments,impressions_hard_stop,
adserver_traffic_by_user_segments,impressions_no_script,
adserver_traffic_by_user_segments,impressions_sivt,
adserver_traffic_by_user_segments,impressions_ssai,
adserver_traffic_by_user_segments,iso_country_code,
adserver_traffic_by_user_segments,iso_state_province_code,
adserver_traffic_by_user_segments,measurable_impressions,
adserver_traffic_by_user_segments,operating_system,
adserver_traffic_by_user_segments,ordered_units,
adserver_traffic_by_user_segments,package,
adserver_traffic_by_user_segments,package_end_date,
adserver_traffic_by_user_segments,package_end_date_utc,
adserver_traffic_by_user_segments,package_id,
adserver_traffic_by_user_segments,package_start_date,
adserver_traffic_by_user_segments,package_start_date_utc,
adserver_traffic_by_user_segments,placement,
adserver_traffic_by_user_segments,placement_dimensions,
adserver_traffic_by_user_segments,placement_end_date,
adserver_traffic_by_user_segments,placement_end_date_utc,
adserver_traffic_by_user_segments,placement_id,
adserver_traffic_by_user_segments,placement_start_date,
adserver_traffic_by_user_segments,placement_start_date_utc,
adserver_traffic_by_user_segments,placement_type,
adserver_traffic_by_user_segments,postal_code,
adserver_traffic_by_user_segments,recordable_impressions,
adserver_traffic_by_user_segments,request_tag,
adserver_traffic_by_user_segments,search_account_id,
adserver_traffic_by_user_segments,search_ad,
adserver_traffic_by_user_segments,search_ad_click_through_url,
adserver_traffic_by_user_segments,search_ad_display_url,
adserver_traffic_by_user_segments,search_ad_group,
adserver_traffic_by_user_segments,search_ad_group_id,
adserver_traffic_by_user_segments,search_ad_id,
adserver_traffic_by_user_segments,search_ad_text,
adserver_traffic_by_user_segments,search_campaign_id,
adserver_traffic_by_user_segments,search_campaign_type,
adserver_traffic_by_user_segments,search_clicks,
adserver_traffic_by_user_segments,search_integration,
adserver_traffic_by_user_segments,search_keyword_id,
adserver_traffic_by_user_segments,search_keyword_text,
adserver_traffic_by_user_segments,search_keyword_type,
adserver_traffic_by_user_segments,search_match_type,
adserver_traffic_by_user_segments,search_vendor,
adserver_traffic_by_user_segments,section,
adserver_traffic_by_user_segments,section_id,
adserver_traffic_by_user_segments,user_id,
adserver_traffic_by_user_segments,user_id_type,
adserver_traffic_by_user_segments,vertical,
adserver_traffic_by_user_segments,video_full_screen_duration,
adserver_traffic_by_user_segments,video_full_screen_ended,
adserver_traffic_by_user_segments,video_full_screen_muted,
adserver_traffic_by_user_segments,video_full_screen_paused,
adserver_traffic_by_user_segments,video_full_screen_started,
adserver_traffic_by_user_segments,video_muted,
adserver_traffic_by_user_segments,video_paused,
adserver_traffic_by_user_segments,video_percentage_complete,
adserver_traffic_by_user_segments,video_played_100pc,
adserver_traffic_by_user_segments,video_played_100pc_viewable,
adserver_traffic_by_user_segments,video_played_25pc,
adserver_traffic_by_user_segments,video_played_25pc_viewable,
adserver_traffic_by_user_segments,video_played_50pc,
adserver_traffic_by_user_segments,video_played_50pc_viewable,
adserver_traffic_by_user_segments,video_played_75pc,
adserver_traffic_by_user_segments,video_played_75pc_viewable,
adserver_traffic_by_user_segments,video_played_duration,
adserver_traffic_by_user_segments,video_played_with_sound,
adserver_traffic_by_user_segments,video_replayed,
adserver_traffic_by_user_segments,video_skipped,
adserver_traffic_by_user_segments,video_started,
adserver_traffic_by_user_segments,video_unmuted,
adserver_traffic_by_user_segments,viewable_impressions,
amazon_attributed_events_by_conversion_time,,Conversion events with Amazon attribution information
amazon_attributed_events_by_conversion_time,ad_product_type,
amazon_attributed_events_by_conversion_time,add_to_cart,
amazon_attributed_events_by_conversion_time,add_to_cart_clicks,
amazon_attributed_events_by_conversion_time,add_to_cart_views,
amazon_attributed_events_by_conversion_time,advertiser,
amazon_attributed_events_by_conversion_time,advertiser_id,
amazon_attributed_events_by_conversion_time,advertiser_id_internal,
amazon_attributed_events_by_conversion_time,advertiser_timezone,
amazon_attributed_events_by_conversion_time,audience_fee,
amazon_attributed_events_by_conversion_time,bid_price,
amazon_attributed_events_by_conversion_time,brand_halo_add_to_cart,
amazon_attributed_events_by_conversion_time,brand_halo_add_to_cart_clicks,
amazon_attributed_events_by_conversion_time,brand_halo_add_to_cart_views,
amazon_attributed_events_by_conversion_time,brand_halo_detail_page_view,
amazon_attributed_events_by_conversion_time,brand_halo_detail_page_view_clicks,
amazon_attributed_events_by_conversion_time,brand_halo_detail_page_view_views,
amazon_attributed_events_by_conversion_time,brand_halo_product_sales,
amazon_attributed_events_by_conversion_time,brand_halo_product_sales_clicks,
amazon_attributed_events_by_conversion_time,brand_halo_product_sales_views,
amazon_attributed_events_by_conversion_time,brand_halo_purchases,
amazon_attributed_events_by_conversion_time,brand_halo_purchases_clicks,
amazon_attributed_events_by_conversion_time,brand_halo_purchases_views,
amazon_attributed_events_by_conversion_time,brand_halo_units_sold,
amazon_attributed_events_by_conversion_time,brand_halo_units_sold_clicks,
amazon_attributed_events_by_conversion_time,brand_halo_units_sold_views,
amazon_attributed_events_by_conversion_time,browser_family,
amazon_attributed_events_by_conversion_time,campaign,
amazon_attributed_events_by_conversion_time,campaign_budget_amount,
amazon_attributed_events_by_conversion_time,campaign_end_date,
amazon_attributed_events_by_conversion_time,campaign_end_date_utc,
amazon_attributed_events_by_conversion_time,campaign_end_dt,
amazon_attributed_events_by_conversion_time,campaign_end_dt_utc,
amazon_attributed_events_by_conversion_time,campaign_id,
amazon_attributed_events_by_conversion_time,campaign_id_internal,
amazon_attributed_events_by_conversion_time,campaign_start_date,
amazon_attributed_events_by_conversion_time,campaign_start_date_utc,
amazon_attributed_events_by_conversion_time,click_cost,
amazon_attributed_events_by_conversion_time,click_date,
amazon_attributed_events_by_conversion_time,click_date_utc,
amazon_attributed_events_by_conversion_time,click_day,
amazon_attributed_events_by_conversion_time,click_day_utc,
amazon_attributed_events_by_conversion_time,click_dt,
amazon_attributed_events_by_conversion_time,click_dt_hour,
amazon_attributed_events_by_conversion_time,click_dt_hour_utc,
amazon_attributed_events_by_conversion_time,click_dt_utc,
amazon_attributed_events_by_conversion_time,click_hour,
amazon_attributed_events_by_conversion_time,click_hour_utc,
amazon_attributed_events_by_conversion_time,clicks,
amazon_attributed_events_by_conversion_time,conversion_event_category,
amazon_attributed_events_by_conversion_time,conversion_event_date,
amazon_attributed_events_by_conversion_time,conversion_event_date_utc,
amazon_attributed_events_by_conversion_time,conversion_event_dt,
amazon_attributed_events_by_conversion_time,conversion_event_dt_hour,
amazon_attributed_events_by_conversion_time,conversion_event_dt_hour_utc,
amazon_attributed_events_by_conversion_time,conversion_event_dt_utc,
amazon_attributed_events_by_conversion_time,conversion_event_hour,
amazon_attributed_events_by_conversion_time,conversion_event_hour_utc,
amazon_attributed_events_by_conversion_time,conversion_event_marketplace_id,
amazon_attributed_events_by_conversion_time,conversion_event_marketplace_name,
amazon_attributed_events_by_conversion_time,conversion_event_subtype,
amazon_attributed_events_by_conversion_time,conversion_event_type,
amazon_attributed_events_by_conversion_time,conversion_event_type_class,
amazon_attributed_events_by_conversion_time,conversion_event_type_description,
amazon_attributed_events_by_conversion_time,conversions,
amazon_attributed_events_by_conversion_time,creative,
amazon_attributed_events_by_conversion_time,creative_id,
amazon_attributed_events_by_conversion_time,creative_size,
amazon_attributed_events_by_conversion_time,creative_type,
amazon_attributed_events_by_conversion_time,customer_search_term,
amazon_attributed_events_by_conversion_time,deal_id,
amazon_attributed_events_by_conversion_time,deal_name,
amazon_attributed_events_by_conversion_time,detail_page_view,
amazon_attributed_events_by_conversion_time,detail_page_view_clicks,
amazon_attributed_events_by_conversion_time,detail_page_view_views,
amazon_attributed_events_by_conversion_time,device_type,
amazon_attributed_events_by_conversion_time,digital_app_subscription_signup_purchases,
amazon_attributed_events_by_conversion_time,digital_app_subscription_signup_purchases_clicks,
amazon_attributed_events_by_conversion_time,digital_app_subscription_signup_purchases_views,
amazon_attributed_events_by_conversion_time,digital_free_trial_app_subscription_signup_purchases,
amazon_attributed_events_by_conversion_time,digital_free_trial_app_subscription_signup_purchases_clicks,
amazon_attributed_events_by_conversion_time,digital_free_trial_app_subscription_signup_purchases_views,
amazon_attributed_events_by_conversion_time,digital_free_trial_subscription_signup_purchases,
amazon_attributed_events_by_conversion_time,digital_free_trial_subscription_signup_purchases_clicks,
amazon_attributed_events_by_conversion_time,digital_free_trial_subscription_signup_purchases_views,
amazon_attributed_events_by_conversion_time,digital_paid_app_subscription_signup_purchases,
amazon_attributed_events_by_conversion_time,digital_paid_app_subscription_signup_purchases_clicks,
amazon_attributed_events_by_conversion_time,digital_paid_app_subscription_signup_purchases_views,
amazon_attributed_events_by_conversion_time,digital_paid_subscription_signup_purchases,
amazon_attributed_events_by_conversion_time,digital_paid_subscription_signup_purchases_clicks,
amazon_attributed_events_by_conversion_time,digital_paid_subscription_signup_purchases_views,
amazon_attributed_events_by_conversion_time,digital_subscription_signup_purchases,
amazon_attributed_events_by_conversion_time,digital_subscription_signup_purchases_clicks,
amazon_attributed_events_by_conversion_time,digital_subscription_signup_purchases_views,
amazon_attributed_events_by_conversion_time,dma_code,
amazon_attributed_events_by_conversion_time,entity_id,
amazon_attributed_events_by_conversion_time,impression_date,
amazon_attributed_events_by_conversion_time,impression_date_utc,
amazon_attributed_events_by_conversion_time,impression_day,
amazon_attributed_events_by_conversion_time,impression_day_utc,
amazon_attributed_events_by_conversion_time,impression_dt,
amazon_attributed_events_by_conversion_time,impression_dt_hour,
amazon_attributed_events_by_conversion_time,impression_dt_hour_utc,
amazon_attributed_events_by_conversion_time,impression_dt_utc,
amazon_attributed_events_by_conversion_time,impression_hour,
amazon_attributed_events_by_conversion_time,impression_hour_utc,
amazon_attributed_events_by_conversion_time,impressions,
amazon_attributed_events_by_conversion_time,iso_country_code,
amazon_attributed_events_by_conversion_time,iso_state_province_code,
amazon_attributed_events_by_conversion_time,line_item,
amazon_attributed_events_by_conversion_time,line_item_budget_amount,
amazon_attributed_events_by_conversion_time,line_item_end_date,
amazon_attributed_events_by_conversion_time,line_item_end_date_utc,
amazon_attributed_events_by_conversion_time,line_item_id,
amazon_attributed_events_by_conversion_time,line_item_start_date,
amazon_attributed_events_by_conversion_time,line_item_start_date_utc,
amazon_attributed_events_by_conversion_time,line_item_status,
amazon_attributed_events_by_conversion_time,line_item_type,
amazon_attributed_events_by_conversion_time,match_type,
amazon_attributed_events_by_conversion_time,new_to_brand,
amazon_attributed_events_by_conversion_time,new_to_brand_brand_halo_product_sales,
amazon_attributed_events_by_conversion_time,new_to_brand_brand_halo_product_sales_clicks,
amazon_attributed_events_by_conversion_time,new_to_brand_brand_halo_product_sales_views,
amazon_attributed_events_by_conversion_time,new_to_brand_brand_halo_purchases,
amazon_attributed_events_by_conversion_time,new_to_brand_brand_halo_purchases_clicks,
amazon_attributed_events_by_conversion_time,new_to_brand_brand_halo_purchases_views,
amazon_attributed_events_by_conversion_time,new_to_brand_brand_halo_units_sold,
amazon_attributed_events_by_conversion_time,new_to_brand_brand_halo_units_sold_clicks,
amazon_attributed_events_by_conversion_time,new_to_brand_brand_halo_units_sold_views,
amazon_attributed_events_by_conversion_time,new_to_brand_product_sales,
amazon_attributed_events_by_conversion_time,new_to_brand_product_sales_clicks,
amazon_attributed_events_by_conversion_time,new_to_brand_product_sales_views,
amazon_attributed_events_by_conversion_time,new_to_brand_purchases,
amazon_attributed_events_by_conversion_time,new_to_brand_purchases_clicks,
amazon_attributed_events_by_conversion_time,new_to_brand_purchases_views,
amazon_attributed_events_by_conversion_time,new_to_brand_total_product_sales,
amazon_attributed_events_by_conversion_time,new_to_brand_total_product_sales_clicks,
amazon_attributed_events_by_conversion_time,new_to_brand_total_product_sales_views,
amazon_attributed_events_by_conversion_time,new_to_brand_total_purchases,
amazon_attributed_events_by_conversion_time,new_to_brand_total_purchases_clicks,
amazon_attributed_events_by_conversion_time,new_to_brand_total_purchases_views,
amazon_attributed_events_by_conversion_time,new_to_brand_total_units_sold,
amazon_attributed_events_by_conversion_time,new_to_brand_total_units_sold_clicks,
amazon_attributed_events_by_conversion_time,new_to_brand_total_units_sold_views,
amazon_attributed_events_by_conversion_time,new_to_brand_units_sold,
amazon_attributed_events_by_conversion_time,new_to_brand_units_sold_clicks,
amazon_attributed_events_by_conversion_time,new_to_brand_units_sold_views,
amazon_attributed_events_by_conversion_time,operating_system,
amazon_attributed_events_by_conversion_time,pixel_accept,
amazon_attributed_events_by_conversion_time,pixel_accept_clicks,
amazon_attributed_events_by_conversion_time,pixel_accept_views,
amazon_attributed_events_by_conversion_time,pixel_add_to_shopping_cart,
amazon_attributed_events_by_conversion_time,pixel_add_to_shopping_cart_clicks,
amazon_attributed_events_by_conversion_time,pixel_add_to_shopping_cart_views,
amazon_attributed_events_by_conversion_time,pixel_application,
amazon_attributed_events_by_conversion_time,pixel_application_clicks,
amazon_attributed_events_by_conversion_time,pixel_application_views,
amazon_attributed_events_by_conversion_time,pixel_banner_interaction,
amazon_attributed_events_by_conversion_time,pixel_banner_interaction_clicks,
amazon_attributed_events_by_conversion_time,pixel_banner_interaction_views,
amazon_attributed_events_by_conversion_time,pixel_brand_store_engagement_1,
amazon_attributed_events_by_conversion_time,pixel_brand_store_engagement_1_clicks,
amazon_attributed_events_by_conversion_time,pixel_brand_store_engagement_1_views,
amazon_attributed_events_by_conversion_time,pixel_brand_store_engagement_2,
amazon_attributed_events_by_conversion_time,pixel_brand_store_engagement_2_clicks,
amazon_attributed_events_by_conversion_time,pixel_brand_store_engagement_2_views,
amazon_attributed_events_by_conversion_time,pixel_brand_store_engagement_3,
amazon_attributed_events_by_conversion_time,pixel_brand_store_engagement_3_clicks,
amazon_attributed_events_by_conversion_time,pixel_brand_store_engagement_3_views,
amazon_attributed_events_by_conversion_time,pixel_brand_store_engagement_4,
amazon_attributed_events_by_conversion_time,pixel_brand_store_engagement_4_clicks,
amazon_attributed_events_by_conversion_time,pixel_brand_store_engagement_4_views,
amazon_attributed_events_by_conversion_time,pixel_brand_store_engagement_5,
amazon_attributed_events_by_conversion_time,pixel_brand_store_engagement_5_clicks,
amazon_attributed_events_by_conversion_time,pixel_brand_store_engagement_5_views,
amazon_attributed_events_by_conversion_time,pixel_brand_store_engagement_6,
amazon_attributed_events_by_conversion_time,pixel_brand_store_engagement_6_clicks,
amazon_attributed_events_by_conversion_time,pixel_brand_store_engagement_6_views,
amazon_attributed_events_by_conversion_time,pixel_brand_store_engagement_7,
amazon_attributed_events_by_conversion_time,pixel_brand_store_engagement_7_clicks,
amazon_attributed_events_by_conversion_time,pixel_brand_store_engagement_7_views,
amazon_attributed_events_by_conversion_time,pixel_click_on_redirect,
amazon_attributed_events_by_conversion_time,pixel_click_on_redirect_clicks,
amazon_attributed_events_by_conversion_time,pixel_click_on_redirect_views,
amazon_attributed_events_by_conversion_time,pixel_decline,
amazon_attributed_events_by_conversion_time,pixel_decline_clicks,
amazon_attributed_events_by_conversion_time,pixel_decline_views,
amazon_attributed_events_by_conversion_time,pixel_drop_down_selection,
amazon_attributed_events_by_conversion_time,pixel_drop_down_selection_clicks,
amazon_attributed_events_by_conversion_time,pixel_drop_down_selection_views,
amazon_attributed_events_by_conversion_time,pixel_email_interaction,
amazon_attributed_events_by_conversion_time,pixel_email_interaction_clicks,
amazon_attributed_events_by_conversion_time,pixel_email_interaction_views,
amazon_attributed_events_by_conversion_time,pixel_email_load,
amazon_attributed_events_by_conversion_time,pixel_email_load_clicks,
amazon_attributed_events_by_conversion_time,pixel_email_load_views,
amazon_attributed_events_by_conversion_time,pixel_game_interaction,
amazon_attributed_events_by_conversion_time,pixel_game_interaction_clicks,
amazon_attributed_events_by_conversion_time,pixel_game_interaction_views,
amazon_attributed_events_by_conversion_time,pixel_game_load,
amazon_attributed_events_by_conversion_time,pixel_game_load_clicks,
amazon_attributed_events_by_conversion_time,pixel_game_load_views,
amazon_attributed_events_by_conversion_time,pixel_homepage_visit,
amazon_attributed_events_by_conversion_time,pixel_homepage_visit_clicks,
amazon_attributed_events_by_conversion_time,pixel_homepage_visit_views,
amazon_attributed_events_by_conversion_time,pixel_marketing_landing_page,
amazon_attributed_events_by_conversion_time,pixel_marketing_landing_page_clicks,
amazon_attributed_events_by_conversion_time,pixel_marketing_landing_page_views,
amazon_attributed_events_by_conversion_time,pixel_mashup_add_to_cart,
amazon_attributed_events_by_conversion_time,pixel_mashup_add_to_cart_clicks,
amazon_attributed_events_by_conversion_time,pixel_mashup_add_to_cart_views,
amazon_attributed_events_by_conversion_time,pixel_mashup_add_to_wishlist,
amazon_attributed_events_by_conversion_time,pixel_mashup_add_to_wishlist_clicks,
amazon_attributed_events_by_conversion_time,pixel_mashup_add_to_wishlist_views,
amazon_attributed_events_by_conversion_time,pixel_mashup_backup_image,
amazon_attributed_events_by_conversion_time,pixel_mashup_backup_image_clicks,
amazon_attributed_events_by_conversion_time,pixel_mashup_backup_image_views,
amazon_attributed_events_by_conversion_time,pixel_mashup_click_to_page,
amazon_attributed_events_by_conversion_time,pixel_mashup_click_to_page_clicks,
amazon_attributed_events_by_conversion_time,pixel_mashup_click_to_page_views,
amazon_attributed_events_by_conversion_time,pixel_mashup_clip_coupon,
amazon_attributed_events_by_conversion_time,pixel_mashup_clip_coupon_clicks,
amazon_attributed_events_by_conversion_time,pixel_mashup_clip_coupon_views,
amazon_attributed_events_by_conversion_time,pixel_mashup_shop_now,
amazon_attributed_events_by_conversion_time,pixel_mashup_shop_now_clicks,
amazon_attributed_events_by_conversion_time,pixel_mashup_shop_now_views,
amazon_attributed_events_by_conversion_time,pixel_mashup_subscribe_and_save,
amazon_attributed_events_by_conversion_time,pixel_mashup_subscribe_and_save_clicks,
amazon_attributed_events_by_conversion_time,pixel_mashup_subscribe_and_save_views,
amazon_attributed_events_by_conversion_time,pixel_message_sent,
amazon_attributed_events_by_conversion_time,pixel_message_sent_clicks,
amazon_attributed_events_by_conversion_time,pixel_message_sent_views,
amazon_attributed_events_by_conversion_time,pixel_mobile_app_first_start,
amazon_attributed_events_by_conversion_time,pixel_mobile_app_first_start_clicks,
amazon_attributed_events_by_conversion_time,pixel_mobile_app_first_start_views,
amazon_attributed_events_by_conversion_time,pixel_product_purchased,
amazon_attributed_events_by_conversion_time,pixel_product_purchased_clicks,
amazon_attributed_events_by_conversion_time,pixel_product_purchased_views,
amazon_attributed_events_by_conversion_time,pixel_purchase_button,
amazon_attributed_events_by_conversion_time,pixel_purchase_button_clicks,
amazon_attributed_events_by_conversion_time,pixel_purchase_button_views,
amazon_attributed_events_by_conversion_time,pixel_referral,
amazon_attributed_events_by_conversion_time,pixel_referral_clicks,
amazon_attributed_events_by_conversion_time,pixel_referral_views,
amazon_attributed_events_by_conversion_time,pixel_registration_confirm_page,
amazon_attributed_events_by_conversion_time,pixel_registration_confirm_page_clicks,
amazon_attributed_events_by_conversion_time,pixel_registration_confirm_page_views,
amazon_attributed_events_by_conversion_time,pixel_registration_form,
amazon_attributed_events_by_conversion_time,pixel_registration_form_clicks,
amazon_attributed_events_by_conversion_time,pixel_registration_form_views,
amazon_attributed_events_by_conversion_time,pixel_sign_up_button,
amazon_attributed_events_by_conversion_time,pixel_sign_up_button_clicks,
amazon_attributed_events_by_conversion_time,pixel_sign_up_button_views,
amazon_attributed_events_by_conversion_time,pixel_sign_up_page,
amazon_attributed_events_by_conversion_time,pixel_sign_up_page_clicks,
amazon_attributed_events_by_conversion_time,pixel_sign_up_page_views,
amazon_attributed_events_by_conversion_time,pixel_store_locator_page,
amazon_attributed_events_by_conversion_time,pixel_store_locator_page_clicks,
amazon_attributed_events_by_conversion_time,pixel_store_locator_page_views,
amazon_attributed_events_by_conversion_time,pixel_submit_button,
amazon_attributed_events_by_conversion_time,pixel_submit_button_clicks,
amazon_attributed_events_by_conversion_time,pixel_submit_button_views,
amazon_attributed_events_by_conversion_time,pixel_subscription_button,
amazon_attributed_events_by_conversion_time,pixel_subscription_button_clicks,
amazon_attributed_events_by_conversion_time,pixel_subscription_button_views,
amazon_attributed_events_by_conversion_time,pixel_subscription_page,
amazon_attributed_events_by_conversion_time,pixel_subscription_page_clicks,
amazon_attributed_events_by_conversion_time,pixel_subscription_page_views,
amazon_attributed_events_by_conversion_time,pixel_success_page,
amazon_attributed_events_by_conversion_time,pixel_success_page_clicks,
amazon_attributed_events_by_conversion_time,pixel_success_page_views,
amazon_attributed_events_by_conversion_time,pixel_survey_finish,
amazon_attributed_events_by_conversion_time,pixel_survey_finish_clicks,
amazon_attributed_events_by_conversion_time,pixel_survey_finish_views,
amazon_attributed_events_by_conversion_time,pixel_survey_start,
amazon_attributed_events_by_conversion_time,pixel_survey_start_clicks,
amazon_attributed_events_by_conversion_time,pixel_survey_start_views,
amazon_attributed_events_by_conversion_time,pixel_thank_you_page,
amazon_attributed_events_by_conversion_time,pixel_thank_you_page_clicks,
amazon_attributed_events_by_conversion_time,pixel_thank_you_page_views,
amazon_attributed_events_by_conversion_time,pixel_video_end,
amazon_attributed_events_by_conversion_time,pixel_video_end_clicks,
amazon_attributed_events_by_conversion_time,pixel_video_end_views,
amazon_attributed_events_by_conversion_time,pixel_video_started,
amazon_attributed_events_by_conversion_time,pixel_video_started_clicks,
amazon_attributed_events_by_conversion_time,pixel_video_started_views,
amazon_attributed_events_by_conversion_time,pixel_widget_interaction,
amazon_attributed_events_by_conversion_time,pixel_widget_interaction_clicks,
amazon_attributed_events_by_conversion_time,pixel_widget_interaction_views,
amazon_attributed_events_by_conversion_time,pixel_widget_load,
amazon_attributed_events_by_conversion_time,pixel_widget_load_clicks,
amazon_attributed_events_by_conversion_time,pixel_widget_load_views,
amazon_attributed_events_by_conversion_time,placement_type,
amazon_attributed_events_by_conversion_time,platform_fee,
amazon_attributed_events_by_conversion_time,postal_code,
amazon_attributed_events_by_conversion_time,product_line,
amazon_attributed_events_by_conversion_time,product_sales,
amazon_attributed_events_by_conversion_time,product_sales_clicks,
amazon_attributed_events_by_conversion_time,product_sales_views,
amazon_attributed_events_by_conversion_time,purchase_currency,
amazon_attributed_events_by_conversion_time,purchase_price,
amazon_attributed_events_by_conversion_time,purchase_quantity,
amazon_attributed_events_by_conversion_time,purchase_retail_program,
amazon_attributed_events_by_conversion_time,purchase_unit_price,
amazon_attributed_events_by_conversion_time,purchases,
amazon_attributed_events_by_conversion_time,purchases_clicks,
amazon_attributed_events_by_conversion_time,purchases_views,
amazon_attributed_events_by_conversion_time,request_tag,
amazon_attributed_events_by_conversion_time,site,
amazon_attributed_events_by_conversion_time,supply_cost,
amazon_attributed_events_by_conversion_time,supply_source,
amazon_attributed_events_by_conversion_time,targeting,
amazon_attributed_events_by_conversion_time,total_add_to_cart,
amazon_attributed_events_by_conversion_time,total_add_to_cart_clicks,
amazon_attributed_events_by_conversion_time,total_add_to_cart_views,
amazon_attributed_events_by_conversion_time,total_detail_page_view,
amazon_attributed_events_by_conversion_time,total_detail_page_view_clicks,
amazon_attributed_events_by_conversion_time,total_detail_page_view_views,
amazon_attributed_events_by_conversion_time,total_product_sales,
amazon_attributed_events_by_conversion_time,total_product_sales_clicks,
amazon_attributed_events_by_conversion_time,total_product_sales_views,
amazon_attributed_events_by_conversion_time,total_purchases,
amazon_attributed_events_by_conversion_time,total_purchases_clicks,
amazon_attributed_events_by_conversion_time,total_purchases_views,
amazon_attributed_events_by_conversion_time,total_units_sold,
amazon_attributed_events_by_conversion_time,total_units_sold_clicks,
amazon_attributed_events_by_conversion_time,total_units_sold_views,
amazon_attributed_events_by_conversion_time,tracked_asin,
amazon_attributed_events_by_conversion_time,tracked_item,
amazon_attributed_events_by_conversion_time,traffic_event_date,
amazon_attributed_events_by_conversion_time,traffic_event_date_utc,
amazon_attributed_events_by_conversion_time,traffic_event_dt,
amazon_attributed_events_by_conversion_time,traffic_event_dt_hour,
amazon_attributed_events_by_conversion_time,traffic_event_dt_hour_utc,
amazon_attributed_events_by_conversion_time,traffic_event_dt_utc,
amazon_attributed_events_by_conversion_time,traffic_event_hour,
amazon_attributed_events_by_conversion_time,traffic_event_hour_utc,
amazon_attributed_events_by_conversion_time,traffic_event_id,
amazon_attributed_events_by_conversion_time,traffic_event_marketplace_id,
amazon_attributed_events_by_conversion_time,traffic_event_marketplace_name,
amazon_attributed_events_by_conversion_time,traffic_event_subtype,
amazon_attributed_events_by_conversion_time,traffic_event_type,
amazon_attributed_events_by_conversion_time,units_sold,
amazon_attributed_events_by_conversion_time,units_sold_clicks,
amazon_attributed_events_by_conversion_time,units_sold_views,
amazon_attributed_events_by_conversion_time,user_id,
amazon_attributed_events_by_conversion_time,user_id_type,
amazon_attributed_events_by_conversion_time,winning_bid_cost,
amazon_attributed_events_by_traffic_time,,Conversion events with Amazon attribution information
amazon_attributed_events_by_traffic_time,ad_product_type,
amazon_attributed_events_by_traffic_time,add_to_cart,
amazon_attributed_events_by_traffic_time,add_to_cart_clicks,
amazon_attributed_events_by_traffic_time,add_to_cart_views,
amazon_attributed_events_by_traffic_time,advertiser,
amazon_attributed_events_by_traffic_time,advertiser_id,
amazon_attributed_events_by_traffic_time,advertiser_id_internal,
amazon_attributed_events_by_traffic_time,advertiser_timezone,
amazon_attributed_events_by_traffic_time,audience_fee,
amazon_attributed_events_by_traffic_time,bid_price,
amazon_attributed_events_by_traffic_time,brand_halo_add_to_cart,
amazon_attributed_events_by_traffic_time,brand_halo_add_to_cart_clicks,
amazon_attributed_events_by_traffic_time,brand_halo_add_to_cart_views,
amazon_attributed_events_by_traffic_time,brand_halo_detail_page_view,
amazon_attributed_events_by_traffic_time,brand_halo_detail_page_view_clicks,
amazon_attributed_events_by_traffic_time,brand_halo_detail_page_view_views,
amazon_attributed_events_by_traffic_time,brand_halo_product_sales,
amazon_attributed_events_by_traffic_time,brand_halo_product_sales_clicks,
amazon_attributed_events_by_traffic_time,brand_halo_product_sales_views,
amazon_attributed_events_by_traffic_time,brand_halo_purchases,
amazon_attributed_events_by_traffic_time,brand_halo_purchases_clicks,
amazon_attributed_events_by_traffic_time,brand_halo_purchases_views,
amazon_attributed_events_by_traffic_time,brand_halo_units_sold,
amazon_attributed_events_by_traffic_time,brand_halo_units_sold_clicks,
amazon_attributed_events_by_traffic_time,brand_halo_units_sold_views,
amazon_attributed_events_by_traffic_time,browser_family,
amazon_attributed_events_by_traffic_time,campaign,
amazon_attributed_events_by_traffic_time,campaign_budget_amount,
amazon_attributed_events_by_traffic_time,campaign_end_date,
amazon_attributed_events_by_traffic_time,campaign_end_date_utc,
amazon_attributed_events_by_traffic_time,campaign_end_dt,
amazon_attributed_events_by_traffic_time,campaign_end_dt_utc,
amazon_attributed_events_by_traffic_time,campaign_id,
amazon_attributed_events_by_traffic_time,campaign_id_internal,
amazon_attributed_events_by_traffic_time,campaign_start_date,
amazon_attributed_events_by_traffic_time,campaign_start_date_utc,
amazon_attributed_events_by_traffic_time,click_cost,
amazon_attributed_events_by_traffic_time,click_date,
amazon_attributed_events_by_traffic_time,click_date_utc,
amazon_attributed_events_by_traffic_time,click_day,
amazon_attributed_events_by_traffic_time,click_day_utc,
amazon_attributed_events_by_traffic_time,click_dt,
amazon_attributed_events_by_traffic_time,click_dt_hour,
amazon_attributed_events_by_traffic_time,click_dt_hour_utc,
amazon_attributed_events_by_traffic_time,click_dt_utc,
amazon_attributed_events_by_traffic_time,click_hour,
amazon_attributed_events_by_traffic_time,click_hour_utc,
amazon_attributed_events_by_traffic_time,clicks,
amazon_attributed_events_by_traffic_time,conversion_event_category,
amazon_attributed_events_by_traffic_time,conversion_event_date,
amazon_attributed_events_by_traffic_time,conversion_event_date_utc,
amazon_attributed_events_by_traffic_time,conversion_event_dt,
amazon_attributed_events_by_traffic_time,conversion_event_dt_hour,
amazon_attributed_events_by_traffic_time,conversion_event_dt_hour_utc,
amazon_attributed_events_by_traffic_time,conversion_event_dt_utc,
amazon_attributed_events_by_traffic_time,conversion_event_hour,
amazon_attributed_events_by_traffic_time,conversion_event_hour_utc,
amazon_attributed_events_by_traffic_time,conversion_event_marketplace_id,
amazon_attributed_events_by_traffic_time,conversion_event_marketplace_name,
amazon_attributed_events_by_traffic_time,conversion_event_subtype,
amazon_attributed_events_by_traffic_time,conversion_event_type,
amazon_attributed_events_by_traffic_time,conversion_event_type_class,
amazon_attributed_events_by_traffic_time,conversion_event_type_description,
amazon_attributed_events_by_traffic_time,conversions,
amazon_attributed_events_by_traffic_time,creative,
amazon_attributed_events_by_traffic_time,creative_id,
amazon_attributed_events_by_traffic_time,creative_size,
amazon_attributed_events_by_traffic_time,creative_type,
amazon_attributed_events_by_traffic_time,customer_search_term,
amazon_attributed_events_by_traffic_time,deal_id,
amazon_attributed_events_by_traffic_time,deal_name,
amazon_attributed_events_by_traffic_time,detail_page_view,
amazon_attributed_events_by_traffic_time,detail_page_view_clicks,
amazon_attributed_events_by_traffic_time,detail_page_view_views,
amazon_attributed_events_by_traffic_time,device_type,
amazon_attributed_events_by_traffic_time,digital_app_subscription_signup_purchases,
amazon_attributed_events_by_traffic_time,digital_app_subscription_signup_purchases_clicks,
amazon_attributed_events_by_traffic_time,digital_app_subscription_signup_purchases_views,
amazon_attributed_events_by_traffic_time,digital_free_trial_app_subscription_signup_purchases,
amazon_attributed_events_by_traffic_time,digital_free_trial_app_subscription_signup_purchases_clicks,
amazon_attributed_events_by_traffic_time,digital_free_trial_app_subscription_signup_purchases_views,
amazon_attributed_events_by_traffic_time,digital_free_trial_subscription_signup_purchases,
amazon_attributed_events_by_traffic_time,digital_free_trial_subscription_signup_purchases_clicks,
amazon_attributed_events_by_traffic_time,digital_free_trial_subscription_signup_purchases_views,
amazon_attributed_events_by_traffic_time,digital_paid_app_subscription_signup_purchases,
amazon_attributed_events_by_traffic_time,digital_paid_app_subscription_signup_purchases_clicks,
amazon_attributed_events_by_traffic_time,digital_paid_app_subscription_signup_purchases_views,
amazon_attributed_events_by_traffic_time,digital_paid_subscription_signup_purchases,
amazon_attributed_events_by_traffic_time,digital_paid_subscription_signup_purchases_clicks,
amazon_attributed_events_by_traffic_time,digital_paid_subscription_signup_purchases_views,
amazon_attributed_events_by_traffic_time,digital_subscription_signup_purchases,
amazon_attributed_events_by_traffic_time,digital_subscription_signup_purchases_clicks,
amazon_attributed_events_by_traffic_time,digital_subscription_signup_purchases_views,
amazon_attributed_events_by_traffic_time,dma_code,
amazon_attributed_events_by_traffic_time,entity_id,
amazon_attributed_events_by_traffic_time,impression_date,
amazon_attributed_events_by_traffic_time,impression_date_utc,
amazon_attributed_events_by_traffic_time,impression_day,
amazon_attributed_events_by_traffic_time,impression_day_utc,
amazon_attributed_events_by_traffic_time,impression_dt,
amazon_attributed_events_by_traffic_time,impression_dt_hour,
amazon_attributed_events_by_traffic_time,impression_dt_hour_utc,
amazon_attributed_events_by_traffic_time,impression_dt_utc,
amazon_attributed_events_by_traffic_time,impression_hour,
amazon_attributed_events_by_traffic_time,impression_hour_utc,
amazon_attributed_events_by_traffic_time,impressions,
amazon_attributed_events_by_traffic_time,iso_country_code,
amazon_attributed_events_by_traffic_time,iso_state_province_code,
amazon_attributed_events_by_traffic_time,line_item,
amazon_attributed_events_by_traffic_time,line_item_budget_amount,
amazon_attributed_events_by_traffic_time,line_item_end_date,
amazon_attributed_events_by_traffic_time,line_item_end_date_utc,
amazon_attributed_events_by_traffic_time,line_item_id,
amazon_attributed_events_by_traffic_time,line_item_start_date,
amazon_attributed_events_by_traffic_time,line_item_start_date_utc,
amazon_attributed_events_by_traffic_time,line_item_status,
amazon_attributed_events_by_traffic_time,line_item_type,
amazon_attributed_events_by_traffic_time,match_type,
amazon_attributed_events_by_traffic_time,new_to_brand,
amazon_attributed_events_by_traffic_time,new_to_brand_brand_halo_product_sales,
amazon_attributed_events_by_traffic_time,new_to_brand_brand_halo_product_sales_clicks,
amazon_attributed_events_by_traffic_time,new_to_brand_brand_halo_product_sales_views,
amazon_attributed_events_by_traffic_time,new_to_brand_brand_halo_purchases,
amazon_attributed_events_by_traffic_time,new_to_brand_brand_halo_purchases_clicks,
amazon_attributed_events_by_traffic_time,new_to_brand_brand_halo_purchases_views,
amazon_attributed_events_by_traffic_time,new_to_brand_brand_halo_units_sold,
amazon_attributed_events_by_traffic_time,new_to_brand_brand_halo_units_sold_clicks,
amazon_attributed_events_by_traffic_time,new_to_brand_brand_halo_units_sold_views,
amazon_attributed_events_by_traffic_time,new_to_brand_product_sales,
amazon_attributed_events_by_traffic_time,new_to_brand_product_sales_clicks,
amazon_attributed_events_by_traffic_time,new_to_brand_product_sales_views,
amazon_attributed_events_by_traffic_time,new_to_brand_purchases,
amazon_attributed_events_by_traffic_time,new_to_brand_purchases_clicks,
amazon_attributed_events_by_traffic_time,new_to_brand_purchases_views,
amazon_attributed_events_by_traffic_time,new_to_brand_total_product_sales,
amazon_attributed_events_by_traffic_time,new_to_brand_total_product_sales_clicks,
amazon_attributed_events_by_traffic_time,new_to_brand_total_product_sales_views,
amazon_attributed_events_by_traffic_time,new_to_brand_total_purchases,
amazon_attributed_events_by_traffic_time,new_to_brand_total_purchases_clicks,
amazon_attributed_events_by_traffic_time,new_to_brand_total_purchases_views,
amazon_attributed_events_by_traffic_time,new_to_brand_total_units_sold,
amazon_attributed_events_by_traffic_time,new_to_brand_total_units_sold_clicks,
amazon_attributed_events_by_traffic_time,new_to_brand_total_units_sold_views,
amazon_attributed_events_by_traffic_time,new_to_brand_units_sold,
amazon_attributed_events_by_traffic_time,new_to_brand_units_sold_clicks,
amazon_attributed_events_by_traffic_time,new_to_brand_units_sold_views,
amazon_attributed_events_by_traffic_time,operating_system,
amazon_attributed_events_by_traffic_time,pixel_accept,
amazon_attributed_events_by_traffic_time,pixel_accept_clicks,
amazon_attributed_events_by_traffic_time,pixel_accept_views,
amazon_attributed_events_by_traffic_time,pixel_add_to_shopping_cart,
amazon_attributed_events_by_traffic_time,pixel_add_to_shopping_cart_clicks,
amazon_attributed_events_by_traffic_time,pixel_add_to_shopping_cart_views,
amazon_attributed_events_by_traffic_time,pixel_application,
amazon_attributed_events_by_traffic_time,pixel_application_clicks,
amazon_attributed_events_by_traffic_time,pixel_application_views,
amazon_attributed_events_by_traffic_time,pixel_banner_interaction,
amazon_attributed_events_by_traffic_time,pixel_banner_interaction_clicks,
amazon_attributed_events_by_traffic_time,pixel_banner_interaction_views,
amazon_attributed_events_by_traffic_time,pixel_brand_store_engagement_1,
amazon_attributed_events_by_traffic_time,pixel_brand_store_engagement_1_clicks,
amazon_attributed_events_by_traffic_time,pixel_brand_store_engagement_1_views,
amazon_attributed_events_by_traffic_time,pixel_brand_store_engagement_2,
amazon_attributed_events_by_traffic_time,pixel_brand_store_engagement_2_clicks,
amazon_attributed_events_by_traffic_time,pixel_brand_store_engagement_2_views,
amazon_attributed_events_by_traffic_time,pixel_brand_store_engagement_3,
amazon_attributed_events_by_traffic_time,pixel_brand_store_engagement_3_clicks,
amazon_attributed_events_by_traffic_time,pixel_brand_store_engagement_3_views,
amazon_attributed_events_by_traffic_time,pixel_brand_store_engagement_4,
amazon_attributed_events_by_traffic_time,pixel_brand_store_engagement_4_clicks,
amazon_attributed_events_by_traffic_time,pixel_brand_store_engagement_4_views,
amazon_attributed_events_by_traffic_time,pixel_brand_store_engagement_5,
amazon_attributed_events_by_traffic_time,pixel_brand_store_engagement_5_clicks,
amazon_attributed_events_by_traffic_time,pixel_brand_store_engagement_5_views,
amazon_attributed_events_by_traffic_time,pixel_brand_store_engagement_6,
amazon_attributed_events_by_traffic_time,pixel_brand_store_engagement_6_clicks,
amazon_attributed_events_by_traffic_time,pixel_brand_store_engagement_6_views,
amazon_attributed_events_by_traffic_time,pixel_brand_store_engagement_7,
amazon_attributed_events_by_traffic_time,pixel_brand_store_engagement_7_clicks,
amazon_attributed_events_by_traffic_time,pixel_brand_store_engagement_7_views,
amazon_attributed_events_by_traffic_time,pixel_click_on_redirect,
amazon_attributed_events_by_traffic_time,pixel_click_on_redirect_clicks,
amazon_attributed_events_by_traffic_time,pixel_click_on_redirect_views,
amazon_attributed_events_by_traffic_time,pixel_decline,
amazon_attributed_events_by_traffic_time,pixel_decline_clicks,
amazon_attributed_events_by_traffic_time,pixel_decline_views,
amazon_attributed_events_by_traffic_time,pixel_drop_down_selection,
amazon_attributed_events_by_traffic_time,pixel_drop_down_selection_clicks,
amazon_attributed_events_by_traffic_time,pixel_drop_down_selection_views,
amazon_attributed_events_by_traffic_time,pixel_email_interaction,
amazon_attributed_events_by_traffic_time,pixel_email_interaction_clicks,
amazon_attributed_events_by_traffic_time,pixel_email_interaction_views,
amazon_attributed_events_by_traffic_time,pixel_email_load,
amazon_attributed_events_by_traffic_time,pixel_email_load_clicks,
amazon_attributed_events_by_traffic_time,pixel_email_load_views,
amazon_attributed_events_by_traffic_time,pixel_game_interaction,
amazon_attributed_events_by_traffic_time,pixel_game_interaction_clicks,
amazon_attributed_events_by_traffic_time,pixel_game_interaction_views,
amazon_attributed_events_by_traffic_time,pixel_game_load,
amazon_attributed_events_by_traffic_time,pixel_game_load_clicks,
amazon_attributed_events_by_traffic_time,pixel_game_load_views,
amazon_attributed_events_by_traffic_time,pixel_homepage_visit,
amazon_attributed_events_by_traffic_time,pixel_homepage_visit_clicks,
amazon_attributed_events_by_traffic_time,pixel_homepage_visit_views,
amazon_attributed_events_by_traffic_time,pixel_marketing_landing_page,
amazon_attributed_events_by_traffic_time,pixel_marketing_landing_page_clicks,
amazon_attributed_events_by_traffic_time,pixel_marketing_landing_page_views,
amazon_attributed_events_by_traffic_time,pixel_mashup_add_to_cart,
amazon_attributed_events_by_traffic_time,pixel_mashup_add_to_cart_clicks,
amazon_attributed_events_by_traffic_time,pixel_mashup_add_to_cart_views,
amazon_attributed_events_by_traffic_time,pixel_mashup_add_to_wishlist,
amazon_attributed_events_by_traffic_time,pixel_mashup_add_to_wishlist_clicks,
amazon_attributed_events_by_traffic_time,pixel_mashup_add_to_wishlist_views,
amazon_attributed_events_by_traffic_time,pixel_mashup_backup_image,
amazon_attributed_events_by_traffic_time,pixel_mashup_backup_image_clicks,
amazon_attributed_events_by_traffic_time,pixel_mashup_backup_image_views,
amazon_attributed_events_by_traffic_time,pixel_mashup_click_to_page,
amazon_attributed_events_by_traffic_time,pixel_mashup_click_to_page_clicks,
amazon_attributed_events_by_traffic_time,pixel_mashup_click_to_page_views,
amazon_attributed_events_by_traffic_time,pixel_mashup_clip_coupon,
amazon_attributed_events_by_traffic_time,pixel_mashup_clip_coupon_clicks,
amazon_attributed_events_by_traffic_time,pixel_mashup_clip_coupon_views,
amazon_attributed_events_by_traffic_time,pixel_mashup_shop_now,
amazon_attributed_events_by_traffic_time,pixel_mashup_shop_now_clicks,
amazon_attributed_events_by_traffic_time,pixel_mashup_shop_now_views,
amazon_attributed_events_by_traffic_time,pixel_mashup_subscribe_and_save,
amazon_attributed_events_by_traffic_time,pixel_mashup_subscribe_and_save_clicks,
amazon_attributed_events_by_traffic_time,pixel_mashup_subscribe_and_save_views,
amazon_attributed_events_by_traffic_time,pixel_message_sent,
amazon_attributed_events_by_traffic_time,pixel_message_sent_clicks,
amazon_attributed_events_by_traffic_time,pixel_message_sent_views,
amazon_attributed_events_by_traffic_time,pixel_mobile_app_first_start,
amazon_attributed_events_by_traffic_time,pixel_mobile_app_first_start_clicks,
amazon_attributed_events_by_traffic_time,pixel_mobile_app_first_start_views,
amazon_attributed_events_by_traffic_time,pixel_product_purchased,
amazon_attributed_events_by_traffic_time,pixel_product_purchased_clicks,
amazon_attributed_events_by_traffic_time,pixel_product_purchased_views,
amazon_attributed_events_by_traffic_time,pixel_purchase_button,
amazon_attributed_events_by_traffic_time,pixel_purchase_button_clicks,
amazon_attributed_events_by_traffic_time,pixel_purchase_button_views,
amazon_attributed_events_by_traffic_time,pixel_referral,
amazon_attributed_events_by_traffic_time,pixel_referral_clicks,
amazon_attributed_events_by_traffic_time,pixel_referral_views,
amazon_attributed_events_by_traffic_time,pixel_registration_confirm_page,
amazon_attributed_events_by_traffic_time,pixel_registration_confirm_page_clicks,
amazon_attributed_events_by_traffic_time,pixel_registration_confirm_page_views,
amazon_attributed_events_by_traffic_time,pixel_registration_form,
amazon_attributed_events_by_traffic_time,pixel_registration_form_clicks,
amazon_attributed_events_by_traffic_time,pixel_registration_form_views,
amazon_attributed_events_by_traffic_time,pixel_sign_up_button,
amazon_attributed_events_by_traffic_time,pixel_sign_up_button_clicks,
amazon_attributed_events_by_traffic_time,pixel_sign_up_button_views,
amazon_attributed_events_by_traffic_time,pixel_sign_up_page,
amazon_attributed_events_by_traffic_time,pixel_sign_up_page_clicks,
amazon_attributed_events_by_traffic_time,pixel_sign_up_page_views,
amazon_attributed_events_by_traffic_time,pixel_store_locator_page,
amazon_attributed_events_by_traffic_time,pixel_store_locator_page_clicks,
amazon_attributed_events_by_traffic_time,pixel_store_locator_page_views,
amazon_attributed_events_by_traffic_time,pixel_submit_button,
amazon_attributed_events_by_traffic_time,pixel_submit_button_clicks,
amazon_attributed_events_by_traffic_time,pixel_submit_button_views,
amazon_attributed_events_by_traffic_time,pixel_subscription_button,
amazon_attributed_events_by_traffic_time,pixel_subscription_button_clicks,
amazon_attributed_events_by_traffic_time,pixel_subscription_button_views,
amazon_attributed_events_by_traffic_time,pixel_subscription_page,
amazon_attributed_events_by_traffic_time,pixel_subscription_page_clicks,
amazon_attributed_events_by_traffic_time,pixel_subscription_page_views,
amazon_attributed_events_by_traffic_time,pixel_success_page,
amazon_attributed_events_by_traffic_time,pixel_success_page_clicks,
amazon_attributed_events_by_traffic_time,pixel_success_page_views,
amazon_attributed_events_by_traffic_time,pixel_survey_finish,
amazon_attributed_events_by_traffic_time,pixel_survey_finish_clicks,
amazon_attributed_events_by_traffic_time,pixel_survey_finish_views,
amazon_attributed_events_by_traffic_time,pixel_survey_start,
amazon_attributed_events_by_traffic_time,pixel_survey_start_clicks,
amazon_attributed_events_by_traffic_time,pixel_survey_start_views,
amazon_attributed_events_by_traffic_time,pixel_thank_you_page,
amazon_attributed_events_by_traffic_time,pixel_thank_you_page_clicks,
amazon_attributed_events_by_traffic_time,pixel_thank_you_page_views,
amazon_attributed_events_by_traffic_time,pixel_video_end,
amazon_attributed_events_by_traffic_time,pixel_video_end_clicks,
amazon_attributed_events_by_traffic_time,pixel_video_end_views,
amazon_attributed_events_by_traffic_time,pixel_video_started,
amazon_attributed_events_by_traffic_time,pixel_video_started_clicks,
amazon_attributed_events_by_traffic_time,pixel_video_started_views,
amazon_attributed_events_by_traffic_time,pixel_widget_interaction,
amazon_attributed_events_by_traffic_time,pixel_widget_interaction_clicks,
amazon_attributed_events_by_traffic_time,pixel_widget_interaction_views,
amazon_attributed_events_by_traffic_time,pixel_widget_load,
amazon_attributed_events_by_traffic_time,pixel_widget_load_clicks,
amazon_attributed_events_by_traffic_time,pixel_widget_load_views,
amazon_attributed_events_by_traffic_time,placement_type,
amazon_attributed_events_by_traffic_time,platform_fee,
amazon_attributed_events_by_traffic_time,postal_code,
amazon_attributed_events_by_traffic_time,product_line,
amazon_attributed_events_by_traffic_time,product_sales,
amazon_attributed_events_by_traffic_time,product_sales_clicks,
amazon_attributed_events_by_traffic_time,product_sales_views,
amazon_attributed_events_by_traffic_time,purchase_currency,
amazon_attributed_events_by_traffic_time,purchase_price,
amazon_attributed_events_by_traffic_time,purchase_quantity,
amazon_attributed_events_by_traffic_time,purchase_retail_program,
amazon_attributed_events_by_traffic_time,purchase_unit_price,
amazon_attributed_events_by_traffic_time,purchases,
amazon_attributed_events_by_traffic_time,purchases_clicks,
amazon_attributed_events_by_traffic_time,purchases_views,
amazon_attributed_events_by_traffic_time,request_tag,
amazon_attributed_events_by_traffic_time,site,
amazon_attributed_events_by_traffic_time,supply_cost,
amazon_attributed_events_by_traffic_time,supply_source,
amazon_attributed_events_by_traffic_time,targeting,
amazon_attributed_events_by_traffic_time,total_add_to_cart,
amazon_attributed_events_by_traffic_time,total_add_to_cart_clicks,
amazon_attributed_events_by_traffic_time,total_add_to_cart_views,
amazon_attributed_events_by_traffic_time,total_detail_page_view,
amazon_attributed_events_by_traffic_time,total_detail_page_view_clicks,
amazon_attributed_events_by_traffic_time,total_detail_page_view_views,
amazon_attributed_events_by_traffic_time,total_product_sales,
amazon_attributed_events_by_traffic_time,total_product_sales_clicks,
amazon_attributed_events_by_traffic_time,total_product_sales_views,
amazon_attributed_events_by_traffic_time,total_purchases,
amazon_attributed_events_by_traffic_time,total_purchases_clicks,
amazon_attributed_events_by_traffic_time,total_purchases_views,
amazon_attributed_events_by_traffic_time,total_units_sold,
amazon_attributed_events_by_traffic_time,total_units_sold_clicks,
amazon_attributed_events_by_traffic_time,total_units_sold_views,
amazon_attributed_events_by_traffic_time,tracked_asin,
amazon_attributed_events_by_traffic_time,tracked_item,
amazon_attributed_events_by_traffic_time,traffic_event_date,
amazon_attributed_events_by_traffic_time,traffic_event_date_utc,
amazon_attributed_events_by_traffic_time,traffic_event_dt,
amazon_attributed_events_by_traffic_time,traffic_event_dt_hour,
amazon_attributed_events_by_traffic_time,traffic_event_dt_hour_utc,
amazon_attributed_events_by_traffic_time,traffic_event_dt_utc,
amazon_attributed_events_by_traffic_time,traffic_event_hour,
amazon_attributed_events_by_traffic_time,traffic_event_hour_utc,
amazon_attributed_events_by_traffic_time,traffic_event_id,
amazon_attributed_events_by_traffic_time,traffic_event_marketplace_id,
amazon_attributed_events_by_traffic_time,traffic_event_marketplace_name,
amazon_attributed_events_by_traffic_time,traffic_event_subtype,
amazon_attributed_events_by_traffic_time,traffic_event_type,
amazon_attributed_events_by_traffic_time,units_sold,
amazon_attributed_events_by_traffic_time,units_sold_clicks,
amazon_attributed_events_by_traffic_time,units_sold_views,
amazon_attributed_events_by_traffic_time,user_id,
amazon_attributed_events_by_traffic_time,user_id_type,
amazon_attributed_events_by_traffic_time,winning_bid_cost,
conversions,,AMC conversion events. Ad attributed conversions for ASINs tracked to an Amazon DSP or Sponsored Ads campaigns and pixel conversions are included. Conversions are ad attributed if a user was served a traffic event within the 28-day period prior to the conversion event.
conversions,conversion_id,
conversions,conversions,
conversions,event_category,
conversions,event_date_utc,
conversions,event_day_utc,
conversions,event_dt_hour_utc,
conversions,event_dt_utc,
conversions,event_hour_utc,
conversions,event_subtype,
conversions,event_type,
conversions,event_type_class,
conversions,event_type_description,
conversions,new_to_brand,
conversions,purchase_currency,
conversions,purchase_unit_price,
conversions,total_product_sales,
conversions,total_units_sold,
conversions,tracked_asin,
conversions,tracked_item,
conversions,user_id,
conversions,user_id_type,
conversions_with_relevance,,"AMC conversion events with relevant campaigns. Each row represents a conversion event and its relevance to a campaign. Because conversion event appears multiple times, metric totals will only be correct if data is deduplicated using the conversion_id column. Ad attributed conversions for ASINs tracked to an Amazon DSP or Sponsored Ads campaigns, and pixel conversions are included. Conversions are ad attributed if a user was served a traffic event within the 28-day period prior to the conversion event."
conversions_with_relevance,advertiser,
conversions_with_relevance,advertiser_id,
conversions_with_relevance,advertiser_timezone,
conversions_with_relevance,campaign,
conversions_with_relevance,campaign_budget_amount,
conversions_with_relevance,campaign_end_date,
conversions_with_relevance,campaign_end_date_utc,
conversions_with_relevance,campaign_end_dt,
conversions_with_relevance,campaign_end_dt_utc,
conversions_with_relevance,campaign_id,
conversions_with_relevance,campaign_id_internal,
conversions_with_relevance,campaign_sales_type,
conversions_with_relevance,campaign_source,
conversions_with_relevance,campaign_start_date,
conversions_with_relevance,campaign_start_date_utc,
conversions_with_relevance,campaign_start_dt,
conversions_with_relevance,campaign_start_dt_utc,
conversions_with_relevance,conversion_id,
conversions_with_relevance,conversions,
conversions_with_relevance,engagement_scope,
conversions_with_relevance,event_category,
conversions_with_relevance,event_date,
conversions_with_relevance,event_date_utc,
conversions_with_relevance,event_day,
conversions_with_relevance,event_day_utc,
conversions_with_relevance,event_dt,
conversions_with_relevance,event_dt_hour,
conversions_with_relevance,event_dt_hour_utc,
conversions_with_relevance,event_dt_utc,
conversions_with_relevance,event_hour,
conversions_with_relevance,event_hour_utc,
conversions_with_relevance,event_subtype,
conversions_with_relevance,event_type,
conversions_with_relevance,event_type_class,
conversions_with_relevance,event_type_description,
conversions_with_relevance,halo_code,
conversions_with_relevance,new_to_brand,
conversions_with_relevance,purchase_currency,
conversions_with_relevance,purchase_unit_price,
conversions_with_relevance,total_product_sales,
conversions_with_relevance,total_units_sold,
conversions_with_relevance,tracked_asin,
conversions_with_relevance,tracked_item,
conversions_with_relevance,user_id,
conversions_with_relevance,user_id_type,
dsp_clicks,,"AMC DSP Clicks. This dataset has been renamed from 'display_clicks' to 'dsp_clicks'. This new name more accurately reflects the campaigns that it includes: all Amazon DSP campaigns from the DSP advertising accounts that have been added to this instance. The metrics, dimensions, campaigns, and ad products included in this dataset have not changed. All instructional queries have been updated to reflect this name change. We recommend changing any queries you have scheduled or saved."
dsp_clicks,advertiser,
dsp_clicks,advertiser_id,
dsp_clicks,advertiser_timezone,
dsp_clicks,audience_fee,
dsp_clicks,bid_price,
dsp_clicks,browser_family,
dsp_clicks,campaign,
dsp_clicks,campaign_budget_amount,
dsp_clicks,campaign_end_date,
dsp_clicks,campaign_end_date_utc,
dsp_clicks,campaign_id,
dsp_clicks,campaign_id_internal,
dsp_clicks,campaign_sales_type,
dsp_clicks,campaign_source,
dsp_clicks,campaign_start_date,
dsp_clicks,campaign_start_date_utc,
dsp_clicks,click_cost,
dsp_clicks,click_date,
dsp_clicks,click_date_utc,
dsp_clicks,click_day,
dsp_clicks,click_day_utc,
dsp_clicks,click_dt,
dsp_clicks,click_dt_hour,
dsp_clicks,click_dt_hour_utc,
dsp_clicks,click_dt_utc,
dsp_clicks,click_hour,
dsp_clicks,click_hour_utc,
dsp_clicks,clicks,
dsp_clicks,creative,
dsp_clicks,creative_id,
dsp_clicks,creative_size,
dsp_clicks,creative_type,
dsp_clicks,currency_iso_code,
dsp_clicks,currency_name,
dsp_clicks,deal_id,
dsp_clicks,deal_name,
dsp_clicks,demand_channel,
dsp_clicks,demand_channel_owner,
dsp_clicks,device_id,
dsp_clicks,device_type,
dsp_clicks,dma_code,
dsp_clicks,entity_id,
dsp_clicks,impression_date,
dsp_clicks,impression_date_utc,
dsp_clicks,impression_day,
dsp_clicks,impression_day_utc,
dsp_clicks,impression_dt,
dsp_clicks,impression_dt_hour,
dsp_clicks,impression_dt_hour_utc,
dsp_clicks,impression_dt_utc,
dsp_clicks,impression_hour,
dsp_clicks,impression_hour_utc,
dsp_clicks,is_amazon_owned,
dsp_clicks,iso_country_code,
dsp_clicks,iso_state_province_code,
dsp_clicks,line_item,
dsp_clicks,line_item_budget_amount,
dsp_clicks,line_item_end_date,
dsp_clicks,line_item_end_date_utc,
dsp_clicks,line_item_id,
dsp_clicks,line_item_price_type,
dsp_clicks,line_item_start_date,
dsp_clicks,line_item_start_date_utc,
dsp_clicks,line_item_status,
dsp_clicks,line_item_type,
dsp_clicks,merchant_id,
dsp_clicks,operating_system,
dsp_clicks,platform_fee,
dsp_clicks,postal_code,
dsp_clicks,product_line,
dsp_clicks,request_tag,
dsp_clicks,site,
dsp_clicks,supply_cost,
dsp_clicks,supply_source,
dsp_clicks,user_id,
dsp_clicks,user_id_type,
dsp_clicks,winning_bid_cost,
dsp_impressions,,"AMC DSP Impressions. This dataset has been renamed from 'display_impressions' to 'dsp_impressions'. This new name more accurately reflects the campaigns that it includes: all Amazon DSP campaigns from the DSP advertising accounts that have been added to this instance. The metrics, dimensions, campaigns, and ad products included in this dataset have not changed. All instructional queries have been updated to reflect this name change. We recommend changing any queries you have scheduled or saved."
dsp_impressions,advertiser,
dsp_impressions,advertiser_id,
dsp_impressions,advertiser_timezone,
dsp_impressions,audience_fee,
dsp_impressions,bid_price,
dsp_impressions,browser_family,
dsp_impressions,campaign,
dsp_impressions,campaign_budget_amount,
dsp_impressions,campaign_end_date,
dsp_impressions,campaign_end_date_utc,
dsp_impressions,campaign_id,
dsp_impressions,campaign_id_internal,
dsp_impressions,campaign_sales_type,
dsp_impressions,campaign_source,
dsp_impressions,campaign_start_date,
dsp_impressions,campaign_start_date_utc,
dsp_impressions,creative,
dsp_impressions,creative_id,
dsp_impressions,creative_size,
dsp_impressions,creative_type,
dsp_impressions,currency_iso_code,
dsp_impressions,currency_name,
dsp_impressions,deal_id,
dsp_impressions,deal_name,
dsp_impressions,demand_channel,
dsp_impressions,demand_channel_owner,
dsp_impressions,device_id,
dsp_impressions,device_type,
dsp_impressions,dma_code,
dsp_impressions,entity_id,
dsp_impressions,impression_cost,
dsp_impressions,impression_date,
dsp_impressions,impression_date_utc,
dsp_impressions,impression_day,
dsp_impressions,impression_day_utc,
dsp_impressions,impression_dt,
dsp_impressions,impression_dt_hour,
dsp_impressions,impression_dt_hour_utc,
dsp_impressions,impression_dt_utc,
dsp_impressions,impression_hour,
dsp_impressions,impression_hour_utc,
dsp_impressions,impressions,
dsp_impressions,is_amazon_owned,
dsp_impressions,iso_country_code,
dsp_impressions,iso_state_province_code,
dsp_impressions,line_item,
dsp_impressions,line_item_budget_amount,
dsp_impressions,line_item_end_date,
dsp_impressions,line_item_end_date_utc,
dsp_impressions,line_item_id,
dsp_impressions,line_item_price_type,
dsp_impressions,line_item_start_date,
dsp_impressions,line_item_start_date_utc,
dsp_impressions,line_item_status,
dsp_impressions,line_item_type,
dsp_impressions,matched_behavior_segment_ids,
dsp_impressions,merchant_id,
dsp_impressions,operating_system,
dsp_impressions,placement_is_view_aware,
dsp_impressions,placement_view_rate,
dsp_impressions,platform_fee,
dsp_impressions,postal_code,
dsp_impressions,product_line,
dsp_impressions,request_tag,
dsp_impressions,segment_marketplace_id,
dsp_impressions,site,
dsp_impressions,supply_cost,
dsp_impressions,supply_source,
dsp_impressions,supply_source_is_view_aware,
dsp_impressions,supply_source_view_rate,
dsp_impressions,third_party_fees,
dsp_impressions,total_cost,
dsp_impressions,user_behavior_segment_ids,
dsp_impressions,user_id,
dsp_impressions,user_id_type,
dsp_impressions,winning_bid_cost,
dsp_impressions_by_matched_segments,,"AMC DSP Impressions broken down by matched segments. This dataset has been renamed from 'display_impressions_by_matched_segments' to 'dsp_impressions_by_matched_segments'. This new name more accurately reflects the campaigns that it includes: all Amazon DSP campaigns from the DSP advertising accounts that have been added to this instance. The metrics, dimensions, campaigns, and ad products included in this dataset have not changed. All instructional queries have been updated to reflect this name change. We recommend changing any queries you have scheduled or saved."
dsp_impressions_by_matched_segments,advertiser,
dsp_impressions_by_matched_segments,advertiser_id,
dsp_impressions_by_matched_segments,advertiser_timezone,
dsp_impressions_by_matched_segments,audience_fee,
dsp_impressions_by_matched_segments,behavior_segment_description,
dsp_impressions_by_matched_segments,behavior_segment_id,
dsp_impressions_by_matched_segments,behavior_segment_matched,
dsp_impressions_by_matched_segments,behavior_segment_name,
dsp_impressions_by_matched_segments,bid_price,
dsp_impressions_by_matched_segments,browser_family,
dsp_impressions_by_matched_segments,campaign,
dsp_impressions_by_matched_segments,campaign_budget_amount,
dsp_impressions_by_matched_segments,campaign_end_date,
dsp_impressions_by_matched_segments,campaign_end_date_utc,
dsp_impressions_by_matched_segments,campaign_id,
dsp_impressions_by_matched_segments,campaign_id_internal,
dsp_impressions_by_matched_segments,campaign_sales_type,
dsp_impressions_by_matched_segments,campaign_source,
dsp_impressions_by_matched_segments,campaign_start_date,
dsp_impressions_by_matched_segments,campaign_start_date_utc,
dsp_impressions_by_matched_segments,creative,
dsp_impressions_by_matched_segments,creative_id,
dsp_impressions_by_matched_segments,creative_size,
dsp_impressions_by_matched_segments,creative_type,
dsp_impressions_by_matched_segments,currency_iso_code,
dsp_impressions_by_matched_segments,currency_name,
dsp_impressions_by_matched_segments,deal_id,
dsp_impressions_by_matched_segments,deal_name,
dsp_impressions_by_matched_segments,demand_channel,
dsp_impressions_by_matched_segments,demand_channel_owner,
dsp_impressions_by_matched_segments,device_id,
dsp_impressions_by_matched_segments,device_type,
dsp_impressions_by_matched_segments,dma_code,
dsp_impressions_by_matched_segments,entity_id,
dsp_impressions_by_matched_segments,impression_cost,
dsp_impressions_by_matched_segments,impression_date,
dsp_impressions_by_matched_segments,impression_date_utc,
dsp_impressions_by_matched_segments,impression_day,
dsp_impressions_by_matched_segments,impression_day_utc,
dsp_impressions_by_matched_segments,impression_dt,
dsp_impressions_by_matched_segments,impression_dt_hour,
dsp_impressions_by_matched_segments,impression_dt_hour_utc,
dsp_impressions_by_matched_segments,impression_dt_utc,
dsp_impressions_by_matched_segments,impression_hour,
dsp_impressions_by_matched_segments,impression_hour_utc,
dsp_impressions_by_matched_segments,impressions,
dsp_impressions_by_matched_segments,is_amazon_owned,
dsp_impressions_by_matched_segments,iso_country_code,
dsp_impressions_by_matched_segments,iso_state_province_code,
dsp_impressions_by_matched_segments,line_item,
dsp_impressions_by_matched_segments,line_item_budget_amount,
dsp_impressions_by_matched_segments,line_item_end_date,
dsp_impressions_by_matched_segments,line_item_end_date_utc,
dsp_impressions_by_matched_segments,line_item_id,
dsp_impressions_by_matched_segments,line_item_price_type,
dsp_impressions_by_matched_segments,line_item_start_date,
dsp_impressions_by_matched_segments,line_item_start_date_utc,
dsp_impressions_by_matched_segments,line_item_status,
dsp_impressions_by_matched_segments,line_item_type,
dsp_impressions_by_matched_segments,matched_behavior_segment_ids,
dsp_impressions_by_matched_segments,merchant_id,
dsp_impressions_by_matched_segments,operating_system,
dsp_impressions_by_matched_segments,placement_is_view_aware,
dsp_impressions_by_matched_segments,placement_view_rate,
dsp_impressions_by_matched_segments,platform_fee,
dsp_impressions_by_matched_segments,postal_code,
dsp_impressions_by_matched_segments,product_line,
dsp_impressions_by_matched_segments,request_tag,
dsp_impressions_by_matched_segments,segment_marketplace_id,
dsp_impressions_by_matched_segments,site,
dsp_impressions_by_matched_segments,supply_cost,
dsp_impressions_by_matched_segments,supply_source,
dsp_impressions_by_matched_segments,supply_source_is_view_aware,
dsp_impressions_by_matched_segments,supply_source_view_rate,
dsp_impressions_by_matched_segments,third_party_fees,
dsp_impressions_by_matched_segments,total_cost,
dsp_impressions_by_matched_segments,user_behavior_segment_ids,
dsp_impressions_by_matched_segments,user_id,
dsp_impressions_by_matched_segments,user_id_type,
dsp_impressions_by_matched_segments,winning_bid_cost,
dsp_views,,"AMC DSP Views. This dataset has been renamed from 'display_views' to 'dsp_views'. This new name more accurately reflects the campaigns that it includes: all Amazon DSP campaigns from the DSP advertising accounts that have been added to this instance. The metrics, dimensions, campaigns, and ad products included in this dataset have not changed. All instructional queries have been updated to reflect this name change. We recommend changing any queries you have scheduled or saved."
dsp_views,advertiser,
dsp_views,advertiser_id,
dsp_views,advertiser_timezone,
dsp_views,campaign,
dsp_views,campaign_end_dt,
dsp_views,campaign_end_dt_utc,
dsp_views,campaign_id,
dsp_views,campaign_id_internal,
dsp_views,campaign_sales_type,
dsp_views,campaign_source,
dsp_views,campaign_start_dt,
dsp_views,campaign_start_dt_utc,
dsp_views,creative,
dsp_views,creative_id,
dsp_views,creative_type,
dsp_views,demand_channel_owner,
dsp_views,entity_id,
dsp_views,event_date,
dsp_views,event_date_utc,
dsp_views,event_dt,
dsp_views,event_dt_hour,
dsp_views,event_dt_hour_utc,
dsp_views,event_dt_utc,
dsp_views,event_type,
dsp_views,events,
dsp_views,impression_id,
dsp_views,line_item,
dsp_views,line_item_end_dt,
dsp_views,line_item_end_dt_utc,
dsp_views,line_item_id,
dsp_views,line_item_price_type,
dsp_views,line_item_start_dt,
dsp_views,line_item_start_dt_utc,
dsp_views,line_item_status,
dsp_views,line_item_type,
dsp_views,measurable_impressions,
dsp_views,merchant_id,
dsp_views,unmeasurable_viewable_impressions,
dsp_views,user_id,
dsp_views,user_id_type,
dsp_views,view_definition,
dsp_views,viewable_impressions,
dsp_views,winning_bid_amount,
sponsored_ads_traffic,,sponsored_ads_traffic
sponsored_ads_traffic,ad_group,
sponsored_ads_traffic,ad_group_end_dt,
sponsored_ads_traffic,ad_group_end_dt_utc,
sponsored_ads_traffic,ad_group_start_dt,
sponsored_ads_traffic,ad_group_start_dt_utc,
sponsored_ads_traffic,ad_group_status,
sponsored_ads_traffic,ad_group_type,
sponsored_ads_traffic,ad_product_type,
sponsored_ads_traffic,ad_product_type_code,
sponsored_ads_traffic,ad_product_type_id,
sponsored_ads_traffic,advertiser,
sponsored_ads_traffic,advertiser_id_internal,
sponsored_ads_traffic,advertiser_timezone,
sponsored_ads_traffic,campaign,
sponsored_ads_traffic,campaign_budget_type,
sponsored_ads_traffic,campaign_end_date,
sponsored_ads_traffic,campaign_end_date_utc,
sponsored_ads_traffic,campaign_end_dt,
sponsored_ads_traffic,campaign_end_dt_utc,
sponsored_ads_traffic,campaign_id_internal,
sponsored_ads_traffic,campaign_start_date,
sponsored_ads_traffic,campaign_start_date_utc,
sponsored_ads_traffic,campaign_start_dt,
sponsored_ads_traffic,campaign_start_dt_utc,
sponsored_ads_traffic,clicks,
sponsored_ads_traffic,creative,
sponsored_ads_traffic,creative_type,
sponsored_ads_traffic,currency_iso_code,
sponsored_ads_traffic,currency_name,
sponsored_ads_traffic,customer_search_term,
sponsored_ads_traffic,entity_id,
sponsored_ads_traffic,event_date,
sponsored_ads_traffic,event_date_utc,
sponsored_ads_traffic,event_day,
sponsored_ads_traffic,event_day_utc,
sponsored_ads_traffic,event_dt,
sponsored_ads_traffic,event_dt_hour,
sponsored_ads_traffic,event_dt_hour_utc,
sponsored_ads_traffic,event_dt_utc,
sponsored_ads_traffic,event_hour,
sponsored_ads_traffic,event_hour_utc,
sponsored_ads_traffic,event_id,
sponsored_ads_traffic,five_sec_views,
sponsored_ads_traffic,impressions,
sponsored_ads_traffic,line_item,
sponsored_ads_traffic,line_item_end_date,
sponsored_ads_traffic,line_item_end_date_utc,
sponsored_ads_traffic,line_item_id,
sponsored_ads_traffic,line_item_price_type,
sponsored_ads_traffic,line_item_start_date,
sponsored_ads_traffic,line_item_start_date_utc,
sponsored_ads_traffic,line_item_status,
sponsored_ads_traffic,line_item_type,
sponsored_ads_traffic,marketplace_id,
sponsored_ads_traffic,marketplace_name,
sponsored_ads_traffic,match_type,
sponsored_ads_traffic,placement_type,
sponsored_ads_traffic,spend,
sponsored_ads_traffic,targeting,
sponsored_ads_traffic,unmeasurable_viewable_impressions,
sponsored_ads_traffic,user_id,
sponsored_ads_traffic,user_id_type,
sponsored_ads_traffic,video_complete_views,
sponsored_ads_traffic,video_first_quartile_views,
sponsored_ads_traffic,video_midpoint_views,
sponsored_ads_traffic,video_third_quartile_views,
sponsored_ads_traffic,video_unmutes,
sponsored_ads_traffic,view_definition,
sponsored_ads_traffic,viewable_impressions,
dsp_impressions_by_user_segments,,"AMC DSP Impressions broken down by user behavior segment. This dataset has been renamed from 'display_impressions_by_user_segments' to 'dsp_impressions_by_user_segments'. This new name more accurately reflects the campaigns that it includes: all Amazon DSP campaigns from the DSP advertising accounts that have been added to this instance. The metrics, dimensions, campaigns, and ad products included in this dataset have not changed. All instructional queries have been updated to reflect this name change. We recommend changing any queries you have scheduled or saved."
dsp_impressions_by_user_segments,advertiser,
dsp_impressions_by_user_segments,advertiser_id,
dsp_impressions_by_user_segments,advertiser_timezone,
dsp_impressions_by_user_segments,audience_fee,
dsp_impressions_by_user_segments,behavior_segment_description,
dsp_impressions_by_user_segments,behavior_segment_id,
dsp_impressions_by_user_segments,behavior_segment_matched,
dsp_impressions_by_user_segments,behavior_segment_name,
dsp_impressions_by_user_segments,bid_price,
dsp_impressions_by_user_segments,browser_family,
dsp_impressions_by_user_segments,campaign,
dsp_impressions_by_user_segments,campaign_budget_amount,
dsp_impressions_by_user_segments,campaign_end_date,
dsp_impressions_by_user_segments,campaign_end_date_utc,
dsp_impressions_by_user_segments,campaign_id,
dsp_impressions_by_user_segments,campaign_id_internal,
dsp_impressions_by_user_segments,campaign_sales_type,
dsp_impressions_by_user_segments,campaign_source,
dsp_impressions_by_user_segments,campaign_start_date,
dsp_impressions_by_user_segments,campaign_start_date_utc,
dsp_impressions_by_user_segments,creative,
dsp_impressions_by_user_segments,creative_id,
dsp_impressions_by_user_segments,creative_size,
dsp_impressions_by_user_segments,creative_type,
dsp_impressions_by_user_segments,currency_iso_code,
dsp_impressions_by_user_segments,currency_name,
dsp_impressions_by_user_segments,deal_id,
dsp_impressions_by_user_segments,deal_name,
dsp_impressions_by_user_segments,demand_channel,
dsp_impressions_by_user_segments,demand_channel_owner,
dsp_impressions_by_user_segments,device_id,
dsp_impressions_by_user_segments,device_type,
dsp_impressions_by_user_segments,dma_code,
dsp_impressions_by_user_segments,entity_id,
dsp_impressions_by_user_segments,impression_cost,
dsp_impressions_by_user_segments,impression_date,
dsp_impressions_by_user_segments,impression_date_utc,
dsp_impressions_by_user_segments,impression_day,
dsp_impressions_by_user_segments,impression_day_utc,
dsp_impressions_by_user_segments,impression_dt,
dsp_impressions_by_user_segments,impression_dt_hour,
dsp_impressions_by_user_segments,impression_dt_hour_utc,
dsp_impressions_by_user_segments,impression_dt_utc,
dsp_impressions_by_user_segments,impression_hour,
dsp_impressions_by_user_segments,impression_hour_utc,
dsp_impressions_by_user_segments,impressions,
dsp_impressions_by_user_segments,is_amazon_owned,
dsp_impressions_by_user_segments,iso_country_code,
dsp_impressions_by_user_segments,iso_state_province_code,
dsp_impressions_by_user_segments,line_item,
dsp_impressions_by_user_segments,line_item_budget_amount,
dsp_impressions_by_user_segments,line_item_end_date,
dsp_impressions_by_user_segments,line_item_end_date_utc,
dsp_impressions_by_user_segments,line_item_id,
dsp_impressions_by_user_segments,line_item_price_type,
dsp_impressions_by_user_segments,line_item_start_date,
dsp_impressions_by_user_segments,line_item_start_date_utc,
dsp_impressions_by_user_segments,line_item_status,
dsp_impressions_by_user_segments,line_item_type,
dsp_impressions_by_user_segments,matched_behavior_segment_ids,
dsp_impressions_by_user_segments,merchant_id,
dsp_impressions_by_user_segments,operating_system,
dsp_impressions_by_user_segments,placement_is_view_aware,
dsp_impressions_by_user_segments,placement_view_rate,
dsp_impressions_by_user_segments,platform_fee,
dsp_impressions_by_user_segments,postal_code,
dsp_impressions_by_user_segments,product_line,
dsp_impressions_by_user_segments,request_tag,
dsp_impressions_by_user_segments,segment_marketplace_id,
dsp_impressions_by_user_segments,site,
dsp_impressions_by_user_segments,supply_cost,
dsp_impressions_by_user_segments,supply_source,
dsp_impressions_by_user_segments,supply_source_is_view_aware,
dsp_impressions_by_user_segments,supply_source_view_rate,
dsp_impressions_by_user_segments,third_party_fees,
dsp_impressions_by_user_segments,total_cost,
dsp_impressions_by_user_segments,user_behavior_segment_ids,
dsp_impressions_by_user_segments,user_id,
dsp_impressions_by_user_segments,user_id_type,
dsp_impressions_by_user_segments,winning_bid_cost,